<?xml version="1.0" encoding="UTF-8"?><idempiere Name="Promotion" Version="1.0" idempiereVersion="" DataBaseVersion="" Description="" Author="" AuthorEmail="" CreatedDate="2016-01-30 17:38:25.71" UpdatedDate="2016-01-30 18:04:35.955" PackOutVersion="100" UpdateDictionary="true" Client="0-SYSTEM-System" AD_Client_UU="11237b53-9592-4af1-b3c5-afd216514b5d">
	<AD_Ref_List type="table">
        <AD_Ref_List_ID>200291</AD_Ref_List_ID>
        <AD_Client_ID>0</AD_Client_ID>
        <AD_Org_ID>0</AD_Org_ID>
        <AD_Ref_List_ID>200291</AD_Ref_List_ID>
        <Name>Free Product</Name>
        <Description/>
        <AD_Reference_ID reference="id">53298</AD_Reference_ID>
        <ValidFrom/>
        <ValidTo/>
        <Value>B</Value>
        <IsActive>Y</IsActive>
        <EntityType>D</EntityType>
        <AD_Ref_List_UU>b9e9068d-f2fd-4bb6-9857-441118b4d17a</AD_Ref_List_UU>
    </AD_Ref_List>
	<AD_Column type="table">
        <AD_Column_ID>57125</AD_Column_ID>
        <IsSyncDatabase>Y</IsSyncDatabase>
        <AD_Table_ID reference="id">53182</AD_Table_ID>
        <AD_Reference_Value_ID reference="id"/>
        <AD_Client_ID>0</AD_Client_ID>
        <AD_Org_ID>0</AD_Org_ID>
        <AD_Column_ID>57125</AD_Column_ID>
        <Version>1.000000000000</Version>
        <Name>Charge</Name>
        <Description>Additional document charges</Description>
        <Help>The Charge indicates a type of Charge (Handling, Shipping, Restocking)</Help>
        <AD_Val_Rule_ID reference="id"/>
        <ColumnName>C_Charge_ID</ColumnName>
        <DefaultValue/>
        <FieldLength>22</FieldLength>
        <IsKey>N</IsKey>
        <IsParent>N</IsParent>
        <IsMandatory>N</IsMandatory>
        <IsTranslated>N</IsTranslated>
        <IsIdentifier>N</IsIdentifier>
        <SeqNo>0</SeqNo>
        <IsEncrypted>N</IsEncrypted>
        <AD_Reference_ID reference="id">19</AD_Reference_ID>
        <IsActive>Y</IsActive>
        <VFormat/>
        <Callout/>
        <AD_Element_ID reference="id">968</AD_Element_ID>
        <IsUpdateable>Y</IsUpdateable>
        <AD_Process_ID reference="id"/>
        <ValueMin/>
        <ValueMax/>
        <IsSelectionColumn>N</IsSelectionColumn>
        <ReadOnlyLogic/>
        <EntityType>D</EntityType>
        <IsAlwaysUpdateable>N</IsAlwaysUpdateable>
        <ColumnSQL/>
        <MandatoryLogic>@RewardType@!'B'</MandatoryLogic>
        <IsAutocomplete>N</IsAutocomplete>
        <IsAllowLogging>Y</IsAllowLogging>
        <FormatPattern/>
        <AD_Chart_ID reference="id"/>
        <AD_Column_UU>9a4ad906-9532-4881-a530-da0c4ca29231</AD_Column_UU>
        <IsAllowCopy>Y</IsAllowCopy>
        <SeqNoSelection/>
        <IsToolbarButton>N</IsToolbarButton>
        <IsSecure>N</IsSecure>
        <FKConstraintName>ccharge_mpromotionreward</FKConstraintName>
        <FKConstraintType>N</FKConstraintType>
    </AD_Column>
	<AD_Element type="table">
        <AD_Element_ID>454</AD_Element_ID>
        <AD_Client_ID>0</AD_Client_ID>
        <AD_Org_ID>0</AD_Org_ID>
        <AD_Element_ID>454</AD_Element_ID>
        <IsActive>Y</IsActive>
        <ColumnName>M_Product_ID</ColumnName>
        <Name>Product</Name>
        <Description>Product, Service, Item</Description>
        <Help>Identifies an item which is either purchased or sold in this organization.</Help>
        <PrintName>Product</PrintName>
        <PO_Description/>
        <PO_Help/>
        <PO_Name/>
        <PO_PrintName/>
        <EntityType>D</EntityType>
        <AD_Element_UU>f8660e99-7651-4829-b240-415fec23ebc0</AD_Element_UU>
    </AD_Element>
	<AD_Column type="table">
        <AD_Column_ID>211869</AD_Column_ID>
        <IsSyncDatabase>Y</IsSyncDatabase>
        <AD_Table_ID reference="id">53182</AD_Table_ID>
        <AD_Reference_Value_ID reference="id"/>
        <AD_Client_ID>0</AD_Client_ID>
        <AD_Org_ID>0</AD_Org_ID>
        <AD_Column_ID>211869</AD_Column_ID>
        <Version>0</Version>
        <Name>Product</Name>
        <Description>Product, Service, Item</Description>
        <Help>Identifies an item which is either purchased or sold in this organization.</Help>
        <AD_Val_Rule_ID reference="id">231</AD_Val_Rule_ID>
        <ColumnName>M_Product_ID</ColumnName>
        <DefaultValue/>
        <FieldLength>22</FieldLength>
        <IsKey>N</IsKey>
        <IsParent>N</IsParent>
        <IsMandatory>N</IsMandatory>
        <IsTranslated>N</IsTranslated>
        <IsIdentifier>N</IsIdentifier>
        <SeqNo>0</SeqNo>
        <IsEncrypted>N</IsEncrypted>
        <AD_Reference_ID reference="id">30</AD_Reference_ID>
        <IsActive>Y</IsActive>
        <VFormat/>
        <Callout/>
        <AD_Element_ID reference="id">454</AD_Element_ID>
        <IsUpdateable>Y</IsUpdateable>
        <AD_Process_ID reference="id"/>
        <ValueMin/>
        <ValueMax/>
        <IsSelectionColumn>N</IsSelectionColumn>
        <ReadOnlyLogic/>
        <EntityType>D</EntityType>
        <IsAlwaysUpdateable>N</IsAlwaysUpdateable>
        <ColumnSQL/>
        <MandatoryLogic/>
        <IsAutocomplete>N</IsAutocomplete>
        <IsAllowLogging>Y</IsAllowLogging>
        <FormatPattern/>
        <AD_Chart_ID reference="id"/>
        <AD_Column_UU>2f4ff526-2c83-45cf-97c1-8afb11331f31</AD_Column_UU>
        <IsAllowCopy>Y</IsAllowCopy>
        <SeqNoSelection>0</SeqNoSelection>
        <IsToolbarButton>N</IsToolbarButton>
        <IsSecure>N</IsSecure>
        <FKConstraintName>MProduct_MPromotionReward</FKConstraintName>
        <FKConstraintType>N</FKConstraintType>
    </AD_Column>
	<AD_Field type="table">
        <AD_Field_ID>203521</AD_Field_ID>
        <AD_Client_ID>0</AD_Client_ID>
        <AD_Org_ID>0</AD_Org_ID>
        <AD_Field_ID>203521</AD_Field_ID>
        <Name>Product</Name>
        <Description>Product, Service, Item</Description>
        <Help>Identifies an item which is either purchased or sold in this organization.</Help>
        <AD_Tab_ID reference="id">53207</AD_Tab_ID>
        <AD_Column_ID reference="id">211869</AD_Column_ID>
        <IsDisplayed>Y</IsDisplayed>
        <DisplayLogic>@RewardType@='B'</DisplayLogic>
        <DisplayLength>22</DisplayLength>
        <SeqNo>150</SeqNo>
        <SortNo/>
        <IsSameLine>N</IsSameLine>
        <IsHeading>N</IsHeading>
        <IsFieldOnly>N</IsFieldOnly>
        <IsEncrypted>N</IsEncrypted>
        <IsActive>Y</IsActive>
        <IsReadOnly>N</IsReadOnly>
        <IsCentrallyMaintained>Y</IsCentrallyMaintained>
        <AD_FieldGroup_ID reference="id"/>
        <EntityType>D</EntityType>
        <ObscureType/>
        <AD_Reference_ID reference="id"/>
        <IsMandatory/>
        <DefaultValue/>
        <AD_Reference_Value_ID reference="id"/>
        <AD_Val_Rule_ID reference="id"/>
        <Included_Tab_ID reference="id"/>
        <AD_Field_UU>9be7f6cd-fdc5-478f-8872-5699cac2508f</AD_Field_UU>
        <IsAllowCopy/>
        <IsDisplayedGrid>Y</IsDisplayedGrid>
        <SeqNoGrid>150</SeqNoGrid>
        <XPosition>1</XPosition>
        <ColumnSpan>2</ColumnSpan>
        <NumLines>1</NumLines>
        <IsQuickEntry>N</IsQuickEntry>
        <IsUpdateable/>
        <IsAlwaysUpdateable/>
        <MandatoryLogic/>
        <ReadOnlyLogic/>
        <IsToolbarButton/>
        <IsDefaultFocus>N</IsDefaultFocus>
        <IsAdvancedField>N</IsAdvancedField>
    </AD_Field>
	<AD_Element type="table">
        <AD_Element_ID>453</AD_Element_ID>
        <AD_Client_ID>0</AD_Client_ID>
        <AD_Org_ID>0</AD_Org_ID>
        <AD_Element_ID>453</AD_Element_ID>
        <IsActive>Y</IsActive>
        <ColumnName>M_Product_Category_ID</ColumnName>
        <Name>Product Category</Name>
        <Description>Category of a Product</Description>
        <Help>Identifies the category which this product belongs to.  Product categories are used for pricing and selection.</Help>
        <PrintName>Product Category</PrintName>
        <PO_Description/>
        <PO_Help/>
        <PO_Name/>
        <PO_PrintName/>
        <EntityType>D</EntityType>
		<AD_Element_UU>b193c03e-8a85-4e53-817d-480f5d108b15</AD_Element_UU>
    </AD_Element>
    <AD_Column type="table">
        <AD_Column_ID>211870</AD_Column_ID>
        <IsSyncDatabase>Y</IsSyncDatabase>
        <AD_Table_ID reference="id">53177</AD_Table_ID>
        <AD_Reference_Value_ID reference="id"/>
        <AD_Client_ID>0</AD_Client_ID>
        <AD_Org_ID>0</AD_Org_ID>
        <AD_Column_ID>211870</AD_Column_ID>
        <Version>0</Version>
        <Name>Product Category</Name>
        <Description>Category of a Product</Description>
        <Help>Identifies the category which this product belongs to.  Product categories are used for pricing and selection.</Help>
        <AD_Val_Rule_ID reference="id"/>
        <ColumnName>M_Product_Category_ID</ColumnName>
        <DefaultValue/>
        <FieldLength>22</FieldLength>
        <IsKey>N</IsKey>
        <IsParent>N</IsParent>
        <IsMandatory>N</IsMandatory>
        <IsTranslated>N</IsTranslated>
        <IsIdentifier>N</IsIdentifier>
        <SeqNo>0</SeqNo>
        <IsEncrypted>N</IsEncrypted>
        <AD_Reference_ID reference="id">19</AD_Reference_ID>
        <IsActive>Y</IsActive>
        <VFormat/>
        <Callout/>
        <AD_Element_ID reference="id">453</AD_Element_ID>
        <IsUpdateable>N</IsUpdateable>
        <AD_Process_ID reference="id"/>
        <ValueMin/>
        <ValueMax/>
        <IsSelectionColumn>N</IsSelectionColumn>
        <ReadOnlyLogic/>
        <EntityType>D</EntityType>
        <IsAlwaysUpdateable>N</IsAlwaysUpdateable>
        <ColumnSQL/>
        <MandatoryLogic/>
        <IsAutocomplete>N</IsAutocomplete>
        <IsAllowLogging>Y</IsAllowLogging>
        <FormatPattern/>
        <AD_Chart_ID reference="id"/>
        <AD_Column_UU>7d79a567-b475-4066-9d96-c152d669572e</AD_Column_UU>
        <IsAllowCopy>Y</IsAllowCopy>
        <SeqNoSelection>0</SeqNoSelection>
        <IsToolbarButton>N</IsToolbarButton>
        <IsSecure>N</IsSecure>
        <FKConstraintName>MProductCategory_MPromotionGro</FKConstraintName>
        <FKConstraintType>N</FKConstraintType>
    </AD_Column>	
	<AD_Field type="table">
        <AD_Field_ID>203522</AD_Field_ID>
        <AD_Client_ID>0</AD_Client_ID>
        <AD_Org_ID>0</AD_Org_ID>
        <AD_Field_ID>203522</AD_Field_ID>
        <Name>Product Category</Name>
        <Description>Category of a Product</Description>
        <Help>Identifies the category which this product belongs to.  Product categories are used for pricing and selection.</Help>
        <AD_Tab_ID reference="id">53202</AD_Tab_ID>
        <AD_Column_ID reference="id">211870</AD_Column_ID>
        <IsDisplayed>Y</IsDisplayed>
        <DisplayLogic/>
        <DisplayLength>22</DisplayLength>
        <SeqNo>60</SeqNo>
        <SortNo/>
        <IsSameLine>N</IsSameLine>
        <IsHeading>N</IsHeading>
        <IsFieldOnly>N</IsFieldOnly>
        <IsEncrypted>N</IsEncrypted>
        <IsActive>Y</IsActive>
        <IsReadOnly>N</IsReadOnly>
        <IsCentrallyMaintained>Y</IsCentrallyMaintained>
        <AD_FieldGroup_ID reference="id"/>
        <EntityType>D</EntityType>
        <ObscureType/>
        <AD_Reference_ID reference="id"/>
        <IsMandatory/>
        <DefaultValue/>
        <AD_Reference_Value_ID reference="id"/>
        <AD_Val_Rule_ID reference="id"/>
        <Included_Tab_ID reference="id"/>
        <AD_Field_UU>fb12b5f1-cdd6-4a3d-b035-b9998c24b1d3</AD_Field_UU>
        <IsAllowCopy/>
        <IsDisplayedGrid>Y</IsDisplayedGrid>
        <SeqNoGrid>60</SeqNoGrid>
        <XPosition>1</XPosition>
        <ColumnSpan>2</ColumnSpan>
        <NumLines>1</NumLines>
        <IsQuickEntry>N</IsQuickEntry>
        <IsUpdateable/>
        <IsAlwaysUpdateable/>
        <MandatoryLogic/>
        <ReadOnlyLogic/>
        <IsToolbarButton/>
        <IsDefaultFocus>N</IsDefaultFocus>
        <IsAdvancedField>N</IsAdvancedField>
    </AD_Field>	
</idempiere>
